{
  "ふるえる": "tremors",
  "動作が遅くなる": "slowdown",
  "気分が変化する または おちこむ": "moodchange",
  "体のどこかがこわばる": "rigidity",
  "するどい痛み または 長ぐ続ぐこぶい痛みがある": "pain",
  "手先の細かい作業が うまくできない": "impairment_hands",
  "思考がまとまらない または 頭の回転がおそい": "slow_thoughts",
  "不安になる または パニック状態になる": "anxiety",
  "筋肉がひきつる": "muscle_spasm"
}